<application>
  <component name="RecentProjectsManager">
    <option name="additionalInfo">
      <map>
        <entry key="$USER_HOME$/coursera/IdeaProjects/creating-multiple-classes">
          <value>
            <RecentProjectMetaInfo frameTitle="creating-multiple-classes – CoffeeMachine.java" opened="true" projectWorkspaceId="2keOQFBhigqrepfLnz5jOFLdHuD">
              <option name="activationTimestamp" value="1723640751357" />
              <option name="binFolder" value="$APPLICATION_HOME_DIR$/bin" />
              <option name="build" value="IC-241.18034.62" />
              <option name="buildTimestamp" value="1718905980000" />
              <option name="colorInfo">
                <RecentProjectColorInfo associatedIndex="3" />
              </option>
              <frame x="10" y="51" width="1245" height="873" />
              <option name="productionCode" value="IC" />
              <option name="projectOpenTimestamp" value="1723640558943" />
            </RecentProjectMetaInfo>
          </value>
        </entry>
      </map>
    </option>
    <option name="lastOpenedProject" value="$USER_HOME$/coursera/IdeaProjects/creating-multiple-classes" />
  </component>
</application>