<application>
  <component name="DimensionService">
    <size key="GridCell.Tab.0.left.0.0.1265.944" width="1193" height="248" />
    <size key="GridCell.Tab.0.center.0.0.1265.944" width="1193" height="248" />
    <size key="GridCell.Tab.0.right.0.0.1265.944" width="1193" height="248" />
    <size key="GridCell.Tab.0.bottom.0.0.1265.944" width="1193" height="248" />
  </component>
  <component name="WindowManager">
    <frame x="10" y="51" width="1245" height="873" />
  </component>
  <component name="WindowStateApplicationService">
    <state x="415" y="201" width="434" height="488" key="FileChooserDialogImpl" timestamp="1723640554533">
      <screen x="0" y="31" width="1265" height="913" />
    </state>
    <state x="415" y="201" width="434" height="488" key="FileChooserDialogImpl/0.31.1265.913" timestamp="1723640554533" />
  </component>
</application>